,AAPL,ABBV,ADBE,AEP,AMT,AMZN,APD,AXP,BA,BAC,C,CAT,CL,CMCSA,COP,COST,CRM,CVX,DIS,DUK,ECL,EOG,EQIX,FCX,GE,GOOGL,GS,HON,JNJ,JPM,KO,LIN,LLY,LMT,META,MRK,MS,MSFT,NEE,NVDA,PEP,PFE,PG,PLD,SLB,SO,SPG,T,UNH,UPS,VZ,WFC,WMT,XOM
AAPL,1.0,0.0,0.06814610897789314,0.0,0.0,0.0549129564705832,0.0,0.0,0.053627840335261745,0.0,0.0,0.0,0.0,0.0,0.0,0.0,0.019629623015265465,0.0,0.0,0.0,0.0,0.0,0.0,0.02525132933137837,0.0,0.05983092349252985,0.0,0.0,0.0,0.0,0.0,0.0,0.0,0.0,0.07859173412598028,0.0,0.023362816497568297,0.12581947926813103,0.0,0.14426852408393478,0.0,0.0,0.0,0.004119850473107041,0.0,0.0,0.0,0.0,0.0,0.0,0.0,0.0,0.0,0.0
ABBV,0.0,1.0,0.0,0.0,0.0,0.0,0.0,0.0,0.0,0.0,0.0,0.0,0.0,0.0,0.0,0.0,0.0,0.0,0.0,0.0,0.0,0.0,0.0,0.0402185390459427,0.0,0.0,0.0,0.0,0.0,0.0,0.0,0.0,0.0,0.0,0.0,0.0,0.0,0.0,0.0,0.0,0.0,0.0,0.0,0.0,0.0,0.0,0.0,0.0,0.0,0.0,0.0,0.0,0.0,0.0
ADBE,0.06814610897789314,0.0,1.0,0.0,0.0025959144514206022,0.08449004172048499,0.0,0.0,0.002083893848600647,0.0,0.0,0.0,0.0,0.00018357107691833162,0.0,0.017795246426835436,0.2468168961438063,0.0,0.0,0.0,0.0,0.0,0.050195318670212624,0.0,0.0,0.07590343312434338,0.0,0.0,0.0,0.0,0.0,0.0,0.0,0.0,0.07035100077505736,0.0,0.0,0.16387049047050908,0.0,0.13880040445377498,0.0,0.0,0.0,0.02535037471953848,0.0,0.0,0.0,0.0,0.0,0.0,0.0,0.0,0.0,0.0
AEP,0.0,0.0,0.0,1.0,0.0,0.0,0.0,0.0,0.0,0.0,0.0,0.0,0.0,0.0,0.0,0.0,0.0,0.0,0.0,0.1286920127482915,0.0,0.0,0.0,0.0,0.0,0.0,0.0,0.0,0.0,0.0,0.0,0.0,0.0,0.0,0.0,0.0,0.0,0.0,0.10730933035359964,0.0,0.0,0.0,0.0,0.0016557181323411632,0.0,0.14259195716891884,0.0,0.0,0.0,0.0,0.0,0.0,0.0,0.0
AMT,0.0,0.0,0.0025959144514206022,0.0,1.0,0.0,0.0,0.0,0.0,0.0,0.0,0.0,0.0,0.0,0.0,0.0,0.0,0.0,0.0,0.0021925145281611654,0.0,0.0,0.17673141051088276,0.0,0.0,0.0,0.0,0.0,0.0,0.0,0.0,0.0,0.0,0.0,0.0,0.0,0.0,0.0,0.06847624613451726,0.0,0.0,0.0,0.0,0.18701612010131932,0.0,0.01700937180031742,0.007799990101175374,0.0,0.0,0.0,0.0,0.0,0.0,0.0
AMZN,0.0549129564705832,0.0,0.08449004172048499,0.0,0.0,1.0,0.0,0.0,0.0,0.0,0.0,0.0,0.0,0.0,0.0,0.0,0.08706933337604647,0.0,0.0,0.0,0.0,0.0,0.0,0.0,0.0,0.14165428854059695,0.0,0.0,0.0,0.0,0.0,0.0,0.0,0.0,0.1746567612916677,0.0,0.0,0.11180577739889838,0.0,0.10015421413006259,0.0,0.0,0.0,0.0,0.0,0.0,0.0,0.0,0.0,0.0,0.0,0.0,0.0,0.0
APD,0.0,0.0,0.0,0.0,0.0,0.0,1.0,0.0,0.012418506889134862,0.018249045700109993,0.004278076502116682,7.002388966547053e-05,0.0,0.0,0.0,0.0,0.0,0.0,0.0,0.0,0.06743496668962116,0.0,0.0,0.10427971514783317,0.0,0.0,0.0,0.0,0.0,0.0,0.0,0.11458249893460391,0.0,0.0,0.0,0.0,0.03479141698662442,0.0,0.0,0.024464268574205295,0.0,0.0,0.0,0.020350940179704496,0.0,0.0,0.0,0.0,0.0,0.0,0.0,0.0,0.0,0.0
AXP,0.0,0.0,0.0,0.0,0.0,0.0,0.0,1.0,0.0923013997006479,0.07124841225728427,0.05977686197730146,0.005980530892195822,0.0,0.008224301411178664,0.0,0.0,0.004363417280959247,0.0058532363077038385,0.06917224301956973,0.0,0.0547412596444015,0.0,0.0,0.03369311079227198,0.045423662997086514,0.00439251976067319,0.04340440378602156,0.05383921713874564,0.0,0.07697932999746894,0.0,0.010832361729293123,0.0,0.0,0.0,0.0,0.0606888027174768,0.0,0.0,0.011304229631482273,0.0,0.0,0.0,0.0,0.022628117105338675,0.0,0.11496518017296146,0.0,0.024963059365328825,0.0,0.0,0.08562120446127769,0.0,0.0
BA,0.053627840335261745,0.0,0.002083893848600647,0.0,0.0,0.0,0.012418506889134862,0.0923013997006479,1.0,0.0,0.05177336518925536,0.02720288067639033,0.0,0.002947106684822611,0.0006280059632986061,0.0,0.020157107632977758,0.039324749077208856,0.07288012072883142,0.0,0.028142221715056943,0.005065726742414747,0.0,0.011434956262887201,0.13383821473599788,0.023145762276961065,0.02163774675684183,0.12018251568505565,0.0,0.020356829566533445,0.004418542684871058,0.04608452844473885,0.0,0.08546633008234956,0.010552106869302672,0.0,0.0,0.0,0.0,0.008514669100844124,0.0,0.0,0.0,0.037351941068345565,0.009088280658419979,0.0,0.19679698072603732,0.0,0.025430635713991016,0.0,0.0,0.03777276786029738,0.0,0.017018218725342222
BAC,0.0,0.0,0.0,0.0,0.0,0.0,0.018249045700109993,0.07124841225728427,0.0,1.0,0.20455889519950926,0.04757043323885193,0.0,0.004027792864631292,0.02372257662489307,0.0,0.0,0.0,0.0127043183496195,0.0,0.018845011065316115,0.01447087756410388,0.0,0.0,0.008422745139797837,0.0,0.11472363494236747,0.006473540542384238,0.0,0.2023188186403584,0.0,0.0,0.0,0.0,0.0,0.0,0.14374378028439325,0.0,0.0,0.0,0.0,0.0,0.0,0.0,0.0,0.0,0.0,0.0012007425275467147,0.0,0.02314866931058736,0.0,0.19870408819392607,0.0,0.0
C,0.0,0.0,0.0,0.0,0.0,0.0,0.004278076502116682,0.05977686197730146,0.05177336518925536,0.20455889519950926,1.0,0.019543955822475093,0.0,0.03882796759289713,0.028995096369289933,0.0,0.011181476946856252,0.029225338402032452,0.05149491837705798,0.0,0.016745849649600467,0.006136394447968753,0.0,0.002873871084265734,0.053208752553180735,0.007714044434102374,0.13360922269587056,0.04621252931155694,0.0,0.165061230726769,0.0,0.01578854832017402,0.0,0.0,0.0,0.0,0.11567625475460704,0.0,0.0,0.0,0.0,0.0,0.0,0.0,0.05214249027216555,0.0,0.055128484028753436,0.03902365970861173,0.01124613816239233,0.0017065070313697084,0.0,0.14080129434787464,0.0,0.006200646846765266
CAT,0.0,0.0,0.0,0.0,0.0,0.0,7.002388966547053e-05,0.005980530892195822,0.02720288067639033,0.04757043323885193,0.019543955822475093,1.0,0.0,0.0,0.027761089161000004,0.0,0.0,0.0,0.0,0.0,0.0,0.02861666500702407,0.0,0.2405721323868829,0.04840598852306691,0.0,0.036396114144556846,0.03443795867466846,0.0,0.002945636936478246,0.0,0.0,0.0,0.0,0.0,0.0,0.061047675309308075,0.0,0.0,0.012303744386258064,0.0,0.0,0.0,0.0,0.0785483162811383,0.0,0.0,0.0,0.0,0.0,0.0,0.0,0.0,0.0
CL,0.0,0.0,0.0,0.0,0.0,0.0,0.0,0.0,0.0,0.0,0.0,0.0,1.0,0.0,0.0,0.0,0.0,0.0,0.0,0.0,0.0,0.0,0.0,0.0,0.0,0.0,0.0,0.0,0.0,0.0,0.0,0.0,0.0,0.0,0.0,0.0,0.0,0.0,0.0,0.0,0.0,0.0,0.0,0.0,0.0,0.0,0.0,0.0,0.0,0.0,0.0,0.0,0.0,0.0
CMCSA,0.0,0.0,0.00018357107691833162,0.0,0.0,0.0,0.0,0.008224301411178664,0.002947106684822611,0.004027792864631292,0.03882796759289713,0.0,0.0,1.0,0.0,0.0,0.0,0.0,0.07519276128153318,0.0,0.0,0.0,0.0,0.03282448365912601,0.0,0.0,0.0034273216409889022,0.0,0.0,0.0,0.0,0.0,0.0,0.0,0.0,0.0,0.03143034567901758,0.0,0.0,0.01993859148817394,0.0,0.0,0.0,0.0,0.0,0.0,0.0127299154327858,0.0,0.0,0.0,0.0,0.00015150533470686899,0.0,0.0
COP,0.0,0.0,0.0,0.0,0.0,0.0,0.0,0.0,0.0006280059632986061,0.02372257662489307,0.028995096369289933,0.027761089161000004,0.0,0.0,1.0,0.0,0.0,0.22326215243279196,0.0,0.0,0.0,0.3676266653631584,0.0,0.08571057964099305,0.012711743486914156,0.0,0.0,0.0016798719733815723,0.0,0.0,0.0,0.0,0.0,0.0,0.0,0.0,0.004802486889675895,0.0,0.0,0.0,0.0,0.0,0.0,0.0,0.16747978417950501,0.0,0.0,0.0,0.0,0.0,0.0,0.0,0.0,0.1524586500484152
COST,0.0,0.0,0.017795246426835436,0.0,0.0,0.0,0.0,0.0,0.0,0.0,0.0,0.0,0.0,0.0,0.0,1.0,0.0,0.0,0.0,0.0,0.0,0.0,0.0,0.0,0.0,0.0,0.0,0.0,0.0,0.0,0.0,0.0,0.0,0.0,0.0,0.0,0.0,0.0,0.0,0.09606238289639926,0.0,0.0,0.0,0.0,0.0,0.0,0.0,0.0,0.0,0.0,0.0,0.0,0.0,0.0
CRM,0.019629623015265465,0.0,0.2468168961438063,0.0,0.0,0.08706933337604647,0.0,0.004363417280959247,0.020157107632977758,0.0,0.011181476946856252,0.0,0.0,0.0,0.0,0.0,1.0,0.0,0.011001047490097218,0.0,0.011212957729560115,0.0,0.018595266211836183,0.037592412472181154,0.0,0.02534188402978408,0.0,0.0,0.0,0.0,0.0,0.0,0.0,0.0,0.0754215249366619,0.0,0.01401309256596802,0.08417737557342896,0.0,0.10756752318532821,0.0,0.0,0.0,0.0,0.0,0.0,0.0,0.0,0.0,0.0,0.0,0.0,0.0,0.0
CVX,0.0,0.0,0.0,0.0,0.0,0.0,0.0,0.0058532363077038385,0.039324749077208856,0.0,0.029225338402032452,0.0,0.0,0.0,0.22326215243279196,0.0,0.0,1.0,0.0,0.0,0.0,0.08002765671756552,0.0,0.08837662142855268,0.0,0.0,0.0,0.0,0.0,0.01368139508707598,0.0,0.0,0.0,0.0,0.0,0.0,0.008089491284607498,0.0,0.0,0.0,0.0,0.0,0.0,0.0,0.13600346661018198,0.0,0.028436584027017594,0.0,0.0,0.0,0.0,0.0,0.0,0.18535200147757994
DIS,0.0,0.0,0.0,0.0,0.0,0.0,0.0,0.06917224301956973,0.07288012072883142,0.0127043183496195,0.05149491837705798,0.0,0.0,0.07519276128153318,0.0,0.0,0.011001047490097218,0.0,1.0,0.0,0.009211286920135009,0.0007479727081941198,0.0,0.045154314876239846,0.0,0.0,0.0,0.0,0.0,0.0,0.0,0.0,0.0,0.0,0.017315584460669577,0.0,0.0355578540924719,0.0,0.0,0.03718919045943717,0.0,0.0,0.0,0.0,0.0,0.0,0.06456555071540356,0.0,0.0,0.0,0.0,0.0,0.0,0.0
DUK,0.0,0.0,0.0,0.1286920127482915,0.0021925145281611654,0.0,0.0,0.0,0.0,0.0,0.0,0.0,0.0,0.0,0.0,0.0,0.0,0.0,0.0,1.0,0.0,0.0,0.0,0.0,0.0,0.0,0.0,0.0,0.0,0.0,0.0,0.0,0.0,0.0,0.0,0.0,0.0,0.0,0.10002814260717681,0.0,0.0,0.0,0.0,0.016064199861187744,0.0,0.16201862973060427,0.01540446899206053,0.0,0.0,0.0,0.0,0.0,0.0,0.0
ECL,0.0,0.0,0.0,0.0,0.0,0.0,0.06743496668962116,0.0547412596444015,0.028142221715056943,0.018845011065316115,0.016745849649600467,0.0,0.0,0.0,0.0,0.0,0.011212957729560115,0.0,0.009211286920135009,0.0,1.0,0.0,0.0,0.07198712697307537,0.0022283876095796603,0.0,0.0,0.043207059919905866,0.0,0.0,0.0,0.04229155051888404,0.0,0.0,0.0,0.0,0.04456169398976604,0.007272179849937258,0.0,0.037586076848888525,0.0,0.0,0.0,0.0262699316767304,0.0,0.0,0.031918557383290046,0.0,0.0,0.0,0.0,0.0,0.0,0.0
EOG,0.0,0.0,0.0,0.0,0.0,0.0,0.0,0.0,0.005065726742414747,0.01447087756410388,0.006136394447968753,0.02861666500702407,0.0,0.0,0.3676266653631584,0.0,0.0,0.08002765671756552,0.0007479727081941198,0.0,0.0,1.0,0.0,0.027665102227890953,0.012377353386169191,0.0,0.0,0.0,0.0,0.0,0.0,0.0,0.0,0.0,0.0,0.0,0.0,0.0,0.0,0.0,0.0,0.0,0.0,0.0,0.24105126443582522,0.0,0.007563907705606035,0.0,0.0,0.0,0.0,0.0,0.0,0.1558871645920099
EQIX,0.0,0.0,0.050195318670212624,0.0,0.17673141051088276,0.0,0.0,0.0,0.0,0.0,0.0,0.0,0.0,0.0,0.0,0.0,0.018595266211836183,0.0,0.0,0.0,0.0,0.0,1.0,0.0,0.0,0.0,0.0,0.0,0.0,0.0,0.0,0.0,0.0,0.0,0.015735191408931766,0.0,0.0,0.0011412342908749848,0.011666668943938932,0.06256147183522001,0.0,0.0,0.0,0.16389342753414915,0.0,0.0,0.0,0.0,0.0,0.0,0.0,0.0,0.0,0.0
FCX,0.02525132933137837,0.0402185390459427,0.0,0.0,0.0,0.0,0.10427971514783317,0.03369311079227198,0.011434956262887201,0.0,0.002873871084265734,0.2405721323868829,0.0,0.03282448365912601,0.08571057964099305,0.0,0.037592412472181154,0.08837662142855268,0.045154314876239846,0.0,0.07198712697307537,0.027665102227890953,0.0,1.0,0.03303051823199767,0.013891582830772015,0.047821356413818746,0.06373529891130908,0.0,0.004869290142396128,0.0,0.1310440390994847,0.0,0.0,0.0017850982448633227,0.0,0.025713401188980987,0.02639888027859606,0.0,0.020334795391289937,0.0,0.0,0.0,0.016779083662169247,0.04635821381760573,0.0,0.0,0.01878187742417673,0.03154875781288309,0.06770523720406792,0.0,0.0,0.0,0.028496097778756675
GE,0.0,0.0,0.0,0.0,0.0,0.0,0.0,0.045423662997086514,0.13383821473599788,0.008422745139797837,0.053208752553180735,0.04840598852306691,0.0,0.0,0.012711743486914156,0.0,0.0,0.0,0.0,0.0,0.0022283876095796603,0.012377353386169191,0.0,0.03303051823199767,1.0,0.0,0.009301831002376752,0.04800517606379721,0.0,0.01640314608179452,0.0,0.0,0.0,0.0,0.0,0.0,0.0351261072930448,0.0,0.0,0.02463627798332207,0.0,0.0,0.0,0.0,0.050217921340727514,0.0,0.05323544822942248,0.0,0.0,0.0,0.0,0.03124350128434865,0.0,0.0
GOOGL,0.05983092349252985,0.0,0.07590343312434338,0.0,0.0,0.14165428854059695,0.0,0.00439251976067319,0.023145762276961065,0.0,0.007714044434102374,0.0,0.0,0.0,0.0,0.0,0.02534188402978408,0.0,0.0,0.0,0.0,0.0,0.0,0.013891582830772015,0.0,1.0,0.0,0.0,0.0,0.0,0.0,0.0,0.0,0.0,0.1831611806125894,0.0,0.005383349909247632,0.13448423090836073,0.0,0.0889624722625732,0.0,0.0,0.0,0.0,0.0,0.0,0.0,0.0,0.0,0.0,0.0,0.0,0.0,0.0
GS,0.0,0.0,0.0,0.0,0.0,0.0,0.0,0.04340440378602156,0.02163774675684183,0.11472363494236747,0.13360922269587056,0.036396114144556846,0.0,0.0034273216409889022,0.0,0.0,0.0,0.0,0.0,0.0,0.0,0.0,0.0,0.047821356413818746,0.009301831002376752,0.0,1.0,0.0,0.0,0.1001726623557417,0.0,0.0,0.0,0.0,0.0,0.0,0.24405019286532276,0.0,0.0,0.024974624469012097,0.0,0.0,0.0,0.0,0.0024313904829008064,0.0,0.009634010251609542,0.0,0.0,0.0,0.0,0.07290704311840013,0.0,0.0
HON,0.0,0.0,0.0,0.0,0.0,0.0,0.0,0.05383921713874564,0.12018251568505565,0.006473540542384238,0.04621252931155694,0.03443795867466846,0.0,0.0,0.0016798719733815723,0.0,0.0,0.0,0.0,0.0,0.043207059919905866,0.0,0.0,0.06373529891130908,0.04800517606379721,0.0,0.0,1.0,0.0,0.003558239163531529,0.0,0.0,0.0,0.0,0.0,0.0,0.04932568335629018,0.0,0.0,0.004130370364429602,0.0,0.0,0.0,0.0,0.0,0.0,0.047584962422938755,0.0,0.0,0.0,0.0,0.005703284935558874,0.0,0.0
JNJ,0.0,0.0,0.0,0.0,0.0,0.0,0.0,0.0,0.0,0.0,0.0,0.0,0.0,0.0,0.0,0.0,0.0,0.0,0.0,0.0,0.0,0.0,0.0,0.0,0.0,0.0,0.0,0.0,1.0,0.0,0.0,0.0,0.0,0.0,0.0,0.0,0.0,0.0,0.0,0.0,0.0,0.0,0.0,0.0,0.0,0.0,0.0,0.0,0.0,0.0,0.0,0.0,0.0,0.0
JPM,0.0,0.0,0.0,0.0,0.0,0.0,0.0,0.07697932999746894,0.020356829566533445,0.2023188186403584,0.165061230726769,0.002945636936478246,0.0,0.0,0.0,0.0,0.0,0.01368139508707598,0.0,0.0,0.0,0.0,0.0,0.004869290142396128,0.01640314608179452,0.0,0.1001726623557417,0.003558239163531529,0.0,1.0,0.0,0.0,0.0,0.0,0.0,0.0,0.10818690649904247,0.0,0.0,0.0,0.0,0.0,0.0,0.0,0.01670678245702558,0.0,0.0,0.0,0.0,0.0,0.0,0.12697833779639225,0.0,0.0
KO,0.0,0.0,0.0,0.0,0.0,0.0,0.0,0.0,0.004418542684871058,0.0,0.0,0.0,0.0,0.0,0.0,0.0,0.0,0.0,0.0,0.0,0.0,0.0,0.0,0.0,0.0,0.0,0.0,0.0,0.0,0.0,1.0,0.0,0.0,0.0,0.0,0.0,0.0,0.0,0.0,0.0,0.0,0.0,0.0,0.0,0.0,0.0,0.0014936631859998628,0.0,0.0,0.0,0.0,0.0,0.0,0.0
LIN,0.0,0.0,0.0,0.0,0.0,0.0,0.11458249893460391,0.010832361729293123,0.04608452844473885,0.0,0.01578854832017402,0.0,0.0,0.0,0.0,0.0,0.0,0.0,0.0,0.0,0.04229155051888404,0.0,0.0,0.1310440390994847,0.0,0.0,0.0,0.0,0.0,0.0,0.0,1.0,0.0,0.0,0.0,0.0,0.040745615494870435,0.0,0.0,0.046710718433556606,0.0,0.0,0.0,0.0,0.0,0.0,0.0,0.0,0.0,0.0,0.0,0.0,0.0,0.0
LLY,0.0,0.0,0.0,0.0,0.0,0.0,0.0,0.0,0.0,0.0,0.0,0.0,0.0,0.0,0.0,0.0,0.0,0.0,0.0,0.0,0.0,0.0,0.0,0.0,0.0,0.0,0.0,0.0,0.0,0.0,0.0,0.0,1.0,0.0,0.0,0.0,0.0,0.0,0.0,0.017851367265253014,0.0,0.0,0.0,0.0,0.0,0.0,0.0,0.0,0.0,0.0,0.0,0.0,0.0,0.0
LMT,0.0,0.0,0.0,0.0,0.0,0.0,0.0,0.0,0.08546633008234956,0.0,0.0,0.0,0.0,0.0,0.0,0.0,0.0,0.0,0.0,0.0,0.0,0.0,0.0,0.0,0.0,0.0,0.0,0.0,0.0,0.0,0.0,0.0,0.0,1.0,0.0,0.0,0.0,0.0,0.0,0.0,0.0,0.0,0.0,0.0,0.0,0.0,0.0,0.0,0.0,0.0,0.0,0.0,0.0,0.0
META,0.07859173412598028,0.0,0.07035100077505736,0.0,0.0,0.1746567612916677,0.0,0.0,0.010552106869302672,0.0,0.0,0.0,0.0,0.0,0.0,0.0,0.0754215249366619,0.0,0.017315584460669577,0.0,0.0,0.0,0.015735191408931766,0.0017850982448633227,0.0,0.1831611806125894,0.0,0.0,0.0,0.0,0.0,0.0,0.0,0.0,1.0,0.0,0.0,0.06152644810757473,0.0,0.0874864060540994,0.0,0.0,0.0,0.0,0.0,0.0,0.0,0.0,0.0,0.0,0.0,0.0,0.0,0.0
MRK,0.0,0.0,0.0,0.0,0.0,0.0,0.0,0.0,0.0,0.0,0.0,0.0,0.0,0.0,0.0,0.0,0.0,0.0,0.0,0.0,0.0,0.0,0.0,0.0,0.0,0.0,0.0,0.0,0.0,0.0,0.0,0.0,0.0,0.0,0.0,1.0,0.0,0.0,0.0,0.0,0.0,0.0,0.0,0.0,0.0,0.0,0.0,0.0,0.0,0.0,0.0,0.0,0.0,0.0
MS,0.023362816497568297,0.0,0.0,0.0,0.0,0.0,0.03479141698662442,0.0606888027174768,0.0,0.14374378028439325,0.11567625475460704,0.061047675309308075,0.0,0.03143034567901758,0.004802486889675895,0.0,0.01401309256596802,0.008089491284607498,0.0355578540924719,0.0,0.04456169398976604,0.0,0.0,0.025713401188980987,0.0351261072930448,0.005383349909247632,0.24405019286532276,0.04932568335629018,0.0,0.10818690649904247,0.0,0.040745615494870435,0.0,0.0,0.0,0.0,1.0,0.024566898411627642,0.0,0.03550244027494381,0.0,0.0,0.0,0.010756388316669125,0.004209734023128849,0.0,0.0,0.0,0.035634216789504555,0.024817541020035354,0.0,0.08071447482493647,0.0,0.0
MSFT,0.12581947926813103,0.0,0.16387049047050908,0.0,0.0,0.11180577739889838,0.0,0.0,0.0,0.0,0.0,0.0,0.0,0.0,0.0,0.0,0.08417737557342896,0.0,0.0,0.0,0.007272179849937258,0.0,0.0011412342908749848,0.02639888027859606,0.0,0.13448423090836073,0.0,0.0,0.0,0.0,0.0,0.0,0.0,0.0,0.06152644810757473,0.0,0.024566898411627642,1.0,0.0,0.14056885618108117,0.0,0.0,0.0,0.003223335110381255,0.0,0.0,0.0,0.0,0.0,0.0,0.0,0.0,0.0,0.0
NEE,0.0,0.0,0.0,0.10730933035359964,0.06847624613451726,0.0,0.0,0.0,0.0,0.0,0.0,0.0,0.0,0.0,0.0,0.0,0.0,0.0,0.0,0.10002814260717681,0.0,0.0,0.011666668943938932,0.0,0.0,0.0,0.0,0.0,0.0,0.0,0.0,0.0,0.0,0.0,0.0,0.0,0.0,0.0,1.0,0.0,0.0,0.0,0.0,0.06386605001790771,0.0,0.1185965519927103,0.0,0.0,0.0,0.0,0.0,0.0,0.0,0.0
NVDA,0.14426852408393478,0.0,0.13880040445377498,0.0,0.0,0.10015421413006259,0.024464268574205295,0.011304229631482273,0.008514669100844124,0.0,0.0,0.012303744386258064,0.0,0.01993859148817394,0.0,0.09606238289639926,0.10756752318532821,0.0,0.03718919045943717,0.0,0.037586076848888525,0.0,0.06256147183522001,0.020334795391289937,0.02463627798332207,0.0889624722625732,0.024974624469012097,0.004130370364429602,0.0,0.0,0.0,0.046710718433556606,0.017851367265253014,0.0,0.0874864060540994,0.0,0.03550244027494381,0.14056885618108117,0.0,1.0,0.0,0.0,0.0,0.03511273267913811,0.0,0.0,0.0,0.0,0.015244598685973306,0.0723662665694273,0.0,0.0,0.0,0.0
PEP,0.0,0.0,0.0,0.0,0.0,0.0,0.0,0.0,0.0,0.0,0.0,0.0,0.0,0.0,0.0,0.0,0.0,0.0,0.0,0.0,0.0,0.0,0.0,0.0,0.0,0.0,0.0,0.0,0.0,0.0,0.0,0.0,0.0,0.0,0.0,0.0,0.0,0.0,0.0,0.0,1.0,0.0,0.0,0.0,0.0,0.0,0.0,0.0,0.0,0.0,0.0,0.0,0.0,0.0
PFE,0.0,0.0,0.0,0.0,0.0,0.0,0.0,0.0,0.0,0.0,0.0,0.0,0.0,0.0,0.0,0.0,0.0,0.0,0.0,0.0,0.0,0.0,0.0,0.0,0.0,0.0,0.0,0.0,0.0,0.0,0.0,0.0,0.0,0.0,0.0,0.0,0.0,0.0,0.0,0.0,0.0,1.0,0.0,0.0,0.0,0.0,0.0,0.0,0.0,0.0,0.0,0.0,0.0,0.0
PG,0.0,0.0,0.0,0.0,0.0,0.0,0.0,0.0,0.0,0.0,0.0,0.0,0.0,0.0,0.0,0.0,0.0,0.0,0.0,0.0,0.0,0.0,0.0,0.0,0.0,0.0,0.0,0.0,0.0,0.0,0.0,0.0,0.0,0.0,0.0,0.0,0.0,0.0,0.0,0.0,0.0,0.0,1.0,0.0,0.0,0.0,0.0,0.0,0.0,0.0,0.0,0.0,0.0,0.0
PLD,0.004119850473107041,0.0,0.02535037471953848,0.0016557181323411632,0.18701612010131932,0.0,0.020350940179704496,0.0,0.037351941068345565,0.0,0.0,0.0,0.0,0.0,0.0,0.0,0.0,0.0,0.0,0.016064199861187744,0.0262699316767304,0.0,0.16389342753414915,0.016779083662169247,0.0,0.0,0.0,0.0,0.0,0.0,0.0,0.0,0.0,0.0,0.0,0.0,0.010756388316669125,0.003223335110381255,0.06386605001790771,0.03511273267913811,0.0,0.0,0.0,1.0,0.0,0.02690295235385078,0.12079214067997295,0.0,0.0,0.0013013111426256458,0.0,0.0,0.0,0.0
SLB,0.0,0.0,0.0,0.0,0.0,0.0,0.0,0.022628117105338675,0.009088280658419979,0.0,0.05214249027216555,0.0785483162811383,0.0,0.0,0.16747978417950501,0.0,0.0,0.13600346661018198,0.0,0.0,0.0,0.24105126443582522,0.0,0.04635821381760573,0.050217921340727514,0.0,0.0024313904829008064,0.0,0.0,0.01670678245702558,0.0,0.0,0.0,0.0,0.0,0.0,0.004209734023128849,0.0,0.0,0.0,0.0,0.0,0.0,0.0,1.0,0.0,0.07087348002956383,0.0,0.0,0.0,0.0,0.02428179745845223,0.0,0.15726304476979944
SO,0.0,0.0,0.0,0.14259195716891884,0.01700937180031742,0.0,0.0,0.0,0.0,0.0,0.0,0.0,0.0,0.0,0.0,0.0,0.0,0.0,0.0,0.16201862973060427,0.0,0.0,0.0,0.0,0.0,0.0,0.0,0.0,0.0,0.0,0.0,0.0,0.0,0.0,0.0,0.0,0.0,0.0,0.1185965519927103,0.0,0.0,0.0,0.0,0.02690295235385078,0.0,1.0,0.0,0.0,0.0,0.0,0.0,0.0,0.0,0.0
SPG,0.0,0.0,0.0,0.0,0.007799990101175374,0.0,0.0,0.11496518017296146,0.19679698072603732,0.0,0.055128484028753436,0.0,0.0,0.0127299154327858,0.0,0.0,0.0,0.028436584027017594,0.06456555071540356,0.01540446899206053,0.031918557383290046,0.007563907705606035,0.0,0.0,0.05323544822942248,0.0,0.009634010251609542,0.047584962422938755,0.0,0.0,0.0014936631859998628,0.0,0.0,0.0,0.0,0.0,0.0,0.0,0.0,0.0,0.0,0.0,0.0,0.12079214067997295,0.07087348002956383,0.0,1.0,0.0,0.0,0.0,0.0,0.03430200609541393,0.0,0.0
T,0.0,0.0,0.0,0.0,0.0,0.0,0.0,0.0,0.0,0.0012007425275467147,0.03902365970861173,0.0,0.0,0.0,0.0,0.0,0.0,0.0,0.0,0.0,0.0,0.0,0.0,0.01878187742417673,0.0,0.0,0.0,0.0,0.0,0.0,0.0,0.0,0.0,0.0,0.0,0.0,0.0,0.0,0.0,0.0,0.0,0.0,0.0,0.0,0.0,0.0,0.0,1.0,0.0,0.0,0.018934885061052863,0.0,0.0,0.0
UNH,0.0,0.0,0.0,0.0,0.0,0.0,0.0,0.024963059365328825,0.025430635713991016,0.0,0.01124613816239233,0.0,0.0,0.0,0.0,0.0,0.0,0.0,0.0,0.0,0.0,0.0,0.0,0.03154875781288309,0.0,0.0,0.0,0.0,0.0,0.0,0.0,0.0,0.0,0.0,0.0,0.0,0.035634216789504555,0.0,0.0,0.015244598685973306,0.0,0.0,0.0,0.0,0.0,0.0,0.0,0.0,1.0,0.0,0.0,0.0,0.0,0.0
UPS,0.0,0.0,0.0,0.0,0.0,0.0,0.0,0.0,0.0,0.02314866931058736,0.0017065070313697084,0.0,0.0,0.0,0.0,0.0,0.0,0.0,0.0,0.0,0.0,0.0,0.0,0.06770523720406792,0.0,0.0,0.0,0.0,0.0,0.0,0.0,0.0,0.0,0.0,0.0,0.0,0.024817541020035354,0.0,0.0,0.0723662665694273,0.0,0.0,0.0,0.0013013111426256458,0.0,0.0,0.0,0.0,0.0,1.0,0.0,0.0,0.0,0.0
VZ,0.0,0.0,0.0,0.0,0.0,0.0,0.0,0.0,0.0,0.0,0.0,0.0,0.0,0.0,0.0,0.0,0.0,0.0,0.0,0.0,0.0,0.0,0.0,0.0,0.0,0.0,0.0,0.0,0.0,0.0,0.0,0.0,0.0,0.0,0.0,0.0,0.0,0.0,0.0,0.0,0.0,0.0,0.0,0.0,0.0,0.0,0.0,0.018934885061052863,0.0,0.0,1.0,0.0,0.0,0.0
WFC,0.0,0.0,0.0,0.0,0.0,0.0,0.0,0.08562120446127769,0.03777276786029738,0.19870408819392607,0.14080129434787464,0.0,0.0,0.00015150533470686899,0.0,0.0,0.0,0.0,0.0,0.0,0.0,0.0,0.0,0.0,0.03124350128434865,0.0,0.07290704311840013,0.005703284935558874,0.0,0.12697833779639225,0.0,0.0,0.0,0.0,0.0,0.0,0.08071447482493647,0.0,0.0,0.0,0.0,0.0,0.0,0.0,0.02428179745845223,0.0,0.03430200609541393,0.0,0.0,0.0,0.0,1.0,0.0,0.006822832503202323
WMT,0.0,0.0,0.0,0.0,0.0,0.0,0.0,0.0,0.0,0.0,0.0,0.0,0.0,0.0,0.0,0.0,0.0,0.0,0.0,0.0,0.0,0.0,0.0,0.0,0.0,0.0,0.0,0.0,0.0,0.0,0.0,0.0,0.0,0.0,0.0,0.0,0.0,0.0,0.0,0.0,0.0,0.0,0.0,0.0,0.0,0.0,0.0,0.0,0.0,0.0,0.0,0.0,1.0,0.0
XOM,0.0,0.0,0.0,0.0,0.0,0.0,0.0,0.0,0.017018218725342222,0.0,0.006200646846765266,0.0,0.0,0.0,0.1524586500484152,0.0,0.0,0.18535200147757994,0.0,0.0,0.0,0.1558871645920099,0.0,0.028496097778756675,0.0,0.0,0.0,0.0,0.0,0.0,0.0,0.0,0.0,0.0,0.0,0.0,0.0,0.0,0.0,0.0,0.0,0.0,0.0,0.0,0.15726304476979944,0.0,0.0,0.0,0.0,0.0,0.0,0.006822832503202323,0.0,1.0
